CompX, CompY, CompZ, GyroX, GyroY, GyroZ, time
-224.0, 41.0 , -248.0, -50.78260869565217, 189.70434782608694,  -497.25217391304346, 134.104
-224.0, 41.0 , -248.0, -25.73913043478261, 135.23478260869564,  -474.9913043478261, 134.124
-224.0, 41.0 , -248.0, -15.513043478260869, 87.79130434782608,  -456.69565217391306, 134.144
-224.0, 41.0 , -248.0, 13.704347826086957, 138.8521739130435,  -472.90434782608696, 134.162
-256.0, 2.0  , -240.0, -6.608695652173913, 224.97391304347826,  -517.008695652174, 134.188
-256.0, 2.0  , -240.0, 14.88695652173913, 363.3391304347826,  -547.1304347826087, 134.203
-256.0, 2.0  , -240.0, 51.40869565217391, 409.39130434782606,  -551.7913043478261, 134.222
-270.0, -15.0, -237.0, 93.70434782608696, 504.4173913043478,  -509.4260869565217, 134.242
-270.0, -15.0, -237.0, 44.17391304347826, 376.69565217391306,  -513.5304347826087, 134.267